metric,p_value,significant,difference,ci_lower,ci_upper
1-Day,0.07440965529691913,False,-0.005905169787341458,-0.012392439449445217,0.0005820998747623016
7-Day,0.001554249975614329,True,-0.008201298315205913,-0.013281552418885545,-0.0031210442115262808
Game Rounds,0.05020880772044255,False,,,
