metric,p_control_better,p_treatment_better,hdi_lower,hdi_upper,expected_loss_treatment,expected_loss_control
1-Day,0.96273,0.03727,-0.012407928094308166,0.0006046079976526118,-0.006201147793834762,0.0013477813664308403
7-Day,0.99908,0.00092,-0.013317233613228362,-0.003103356683174988,-0.008222361889730806,0.0006995176407791985
